{
  "latest": "1.0.3",
  "versions": {
    "1.0.0": {
      "url": "https://scbc-app.github.io/Scbc-Suite/update.zip",
      "changelog": "Initial release"
    },
    "1.0.1": {
      "url": "https://scbc-app.github.io/Scbc-Suite/update.zip",
      "changelog": "White screen fix"
    },
    "1.0.2": {
      "url": "https://scbc-app.github.io/Scbc-Suite/update.zip",
      "changelog": "Updated useCoreState.ts logic"
    },
    "1.0.3": {
      "url": "https://scbc-app.github.io/Scbc-Suite/update.zip",
      "changelog": "Fixed auto-update and version display"
    }
  }
}